event_link,title,dates,description,info,img_url,location_url,location_name
/la-ciudad/agenda/detalle-actividad/index.html?id=138182,Manipulador de Alimentos para Celíacos,"['23/4/2025', '23/4/2025']",El carnet de manipulador de alimentos es un certificado que avala que la persona ha recibido toda la formación imprescindible para manipular alimentos de acuerdo a los principios de higiene y seguridad alimentaria.,"Evento:
IMFE: Jornadas y seminarios 
Otros lugares:
Online
Horario:
08.30 A 14.30 H (SOLO UN DÍA DURANTE 6 HORAS)-A través de la plataforma GoToMeeting
Web:
https://imfe.malaga.eu/imfeinscripciones/inscripcion/13753
Precio:
Gratuito
Email:
imfeformacion@malaga.eu
Fecha Inscripción:

 
 Desde 
 
 3/2/2025
 
 Hasta 
 
 13/4/2025

Destinatarios:

 
 Adultos",https://www.malaga.eu/visorcontenido/AGDImageDisplayer1/48700/ImagenAgenda48700,,
/la-ciudad/agenda/detalle-actividad/index.html?id=139228,Cita con el Tablero. Taller de Ajedrez Infantil. BPM Cristóbal Cuevas,"['23/4/2025', '23/4/2025']",Dirigido a: niños/as de 6 a 12 años. PREVIA INSCRIPCIÓN. Contenido: Taller de iniciación al ajedrez dirigido a los más pequeños y coordinado por Enrique Díaz Fernández.          2025/04/07 14:04:07,"Evento:
Plan de Fomento a la Lectura en las Bibliotecas Municipales 2025
Horario:
18:30 horas
Teléfono:
951 92 6184
Precio:
Gratuito
Email:
biblio.ccuevas@malaga.eu
Destinatarios:

 
 Infantil",/export/shared/corporativas/default/agenda-l.png,/la-ciudad/instalaciones-y-espacios/detalle-de-la-instalacion/?id=3011,"Biblioteca Pública Municipal ""Cristóbal Cuevas"" (Bailén-Miraflores)"
/la-ciudad/agenda/detalle-actividad/index.html?id=139231,Día del Libro: Irene Vallejo.,"['23/4/2025', '23/4/2025']","Charlará con la autora Ana Cabello, gerente de la Fundación Rafael Pérez Estrada.","Evento:
Fundación Rafael Pérez Estrada
Horario:
18:30 h.
Destinatarios:

 
 Todas la edades",/export/shared/corporativas/default/agenda-l.png,/la-ciudad/instalaciones-y-espacios/detalle-de-la-instalacion/?id=7991,Centre Pompidou Málaga
/la-ciudad/agenda/detalle-actividad/index.html?id=138905,"TEATRO ""EL CIRCO DE LAS EMOCIONES"" C.E.I.P. PROFESOR E. TIERNO GALVÁN","['23/4/2025', '23/4/2025']","Representación teatral correspondiente al proyecto del centro ""Teatro en Familia"" 


A través de los personajes las niñas y los niños podrán reconocer las diferentes emociones. Cada nuevo personaje que aparece durante la actuación ayudará a aprender y gestionar las emociones que se le van presentando. Descubrirán que el miedo, la vergüenza, la tristeza, la ira, forman parte de la vida y que hay que aprender a convivir con ellas, junto a la alegría, el optimismo y la calma. Aprenderán que para realizar un gran espectáculo deben tener en equilibrio todas sus emociones y recibirán la ayuda y consejos de sus compañeros y compañeras del circo.","Evento:
LA CAJA BLANCA - Auditorio 2025
Horario:
Primer pase: 17:30 horas Segundo pase: 19:00 horas

Precio:
 GRATUITA hasta completar aforo.



INFORMACIÓN en C.E.I.P. PROFESOR E. TIERNO GALVÁN 
Apto para todos los públicos..
Aforo condicionado a la Legislación Vigente..

Destinatarios:

 
 Todas la edades",,/la-ciudad/instalaciones-y-espacios/detalle-de-la-instalacion/?id=2770,La Caja Blanca
/la-ciudad/agenda/detalle-actividad/index.html?id=139155,Taller de Poesía Grupo 21. B.P.M. Manuel Altolaguirre,"['23/4/2025', '23/4/2025']","Dirigido. Público adulto. PREVIA INSCRIPCIÓN
Contenido. Taller de poesía donde se trabaja con distintos recursos poéticos  dando a conocer poetas de diferentes etapas y movimientos literarios. Organizado por la Asociación Grupo 21 y dirigido por Francisco Sánchez.","Evento:
Plan de Fomento a la Lectura en las Bibliotecas Municipales 2025
Horario:
17:30 horas
Teléfono:
951 92 6176
Precio:
Gratuito
Email:
biblio.maltolaguirre@malaga.eu
Destinatarios:

 
 Adultos",/export/shared/corporativas/default/agenda-l.png,/la-ciudad/instalaciones-y-espacios/detalle-de-la-instalacion/?id=116,"Biblioteca Pública Municipal ""Manuel Altolaguirre"" (Cruz)"
/la-ciudad/agenda/detalle-actividad/index.html?id=139328,"Tú, tu idea o proyecto y la IA","['23/4/2025', '23/4/2025']","El objetivo del taller es guiarte en el estudio en profundidad de tu idea o proyecto con las ultimas metodologías utilizando la IA más adecuada para conocer la viabilidad técnica, financiera y económica de la idea de negocio","Evento:
IMFE: UNIDAD DE EMPRESAS
Otros lugares:
Unidad de Empresas del IMFE en C/ Victoria nº9 
Horario:
De 10:00 h. a 13:30 h.
Web:
https://imfe.malaga.eu/imfeinscripciones/inscripcion//14089
Precio:
Gratuito
Email:
emprendedore@malaga.eu
Fecha Inscripción:

 
 Desde 
 
 11/4/2025
 
 Hasta 
 
 23/4/2025

Destinatarios:

 
 Adultos",https://www.malaga.eu/visorcontenido/AGDImageDisplayer1/48997/ImagenAgenda48997,,
/la-ciudad/agenda/detalle-actividad/index.html?id=139041,Mindfulness (Edición 1) [Plazas agotadas],"['23/4/2025', '30/4/2025']","Con el objeto de facilitar la inserción laboral se ha puesto en marcha el Programa de Competencias Profesionales para el Empleo que se compone de acciones formativas eminentemente prácticas orientados al desarrollo de competencias transversales indispensables, que permitirán afrontar con mayor garantía de éxito los procesos de selección a los que se enfrente la persona que busca empleo.
Los contenidos de este curso se corresponden con el Programa CTRP0006 del Catálogo de Especialidades Formativas del Servicio Público del Empleo Estatal (SEPE), quedando constancia de ello en el diploma acreditativo, siempre que se finalice satisfactoriamente el curso.","Evento:
IMFE: Competencias para el Empleo
Otros lugares:
Las sesiones presenciales son en C/ Concejal Muñoz Cerván 3. Módulo 5 (Tabacalera)
Horario:
De 09:00 a 14:00 horas (días laborables)
Teléfono:
951 92 76 46 
Web:
https://imfe.malaga.eu/proximos-cursos/index.html?categoria=Competencias%20para%20el%20Empleo&codCurso=2481
Precio:
Gratuito
Email:
daguilar@malaga.eu
Fecha Inscripción:

 
 Desde 
 
 28/3/2025
 
 Hasta 
 
 20/4/2025

Destinatarios:

 
 Adultos",https://www.malaga.eu/visorcontenido/AGDImageDisplayer1/48900/ImagenAgenda48900,,
/la-ciudad/agenda/detalle-actividad/index.html?id=139217,Gestión del Estrés y Trabajo Bajo Presión (CTRR0014),"['21/4/2025', '21/5/2025']","Módulo 1.- CONCEPTUALIZACIÓN DEL ESTRÉS
Módulo 2.- CÓMO MANEJAR EL TRABAJO BAJO PRESIÓN
Módulo 3.- TÉCNICAS DE RELAJACIÓN Y MINDFULNESS","Evento:
IMFE: Formación online
Otros lugares:
Online
Horario:
Online
Web:
https://imfe.malaga.eu/imfeinscripciones/inscripcion/14068
Precio:
Gratuito
Email:
froliva@malaga.eu
Fecha Inscripción:

 
 Desde 
 
 2/4/2025
 
 Hasta 
 
 21/4/2025

Destinatarios:

 
 Adultos",https://www.malaga.eu/visorcontenido/AGDImageDisplayer1/48938/ImagenAgenda48938,,
/la-ciudad/agenda/detalle-actividad/index.html?id=139148,Club de Lectura para Adultos. B.P.M. Manuel Altolaguirre,"['24/4/2025', '24/4/2025']","Dirigido a: Personas adultas. PREVIA INSCRIPCIÓN. Contenido: La lectura es un placer que se disfruta en solitario pero  se convierte en apasionante cuando las aventuras leídas se comparten con otras personas.
El club de lectura está formado por un número de  personas  que se reúnen regularmente en la biblioteca para compartir la experiencia de la lectura mediante el comentario del libro elegido; Los clubs de lectura se reúnen una vez al mes salvo en periodo estival y van dirigido tanto a público infantil como a adultos. Libro: La dama de la Cartuja, de Inma Aguilera","Evento:
Plan de Fomento a la Lectura en las Bibliotecas Municipales 2025
Horario:
18:00 h.
Teléfono:
951 92 6176
Precio:
Gratuito
Email:
biblio.maltolaguirre@malaga.eu
Destinatarios:

 
 Adultos",/export/shared/corporativas/default/agenda-l.png,/la-ciudad/instalaciones-y-espacios/detalle-de-la-instalacion/?id=116,"Biblioteca Pública Municipal ""Manuel Altolaguirre"" (Cruz)"
/la-ciudad/agenda/detalle-actividad/index.html?id=139152,Club de Lectura para Adultos. B.P.M. Serafín Estébanez Calderón,"['24/4/2025', '24/4/2025']",Dirigido a: Adultos a partir de 18 años. PREVIA INSCRIPCIÓN. Contenido: La lectura es un placer que se disfruta en solitario pero  se convierte en apasionante cuando las aventuras leídas se comparten con otras personas. El club de lectura está formado por un número de  personas  que se reúnen regularmente en la biblioteca para compartir la experiencia de la lectura mediante el comentario del libro elegido; Los clubs de lectura se reúnen una vez al mes salvo en periodo estival y van dirigido tanto a público infantil como a adultos. Libro: Madre de leche y miel¿ de Najat El Hachmi,"Evento:
Plan de Fomento a la Lectura en las Bibliotecas Municipales 2025
Horario:
a las 18:00 h.
Precio:
Gratuito
Email:
biblio.dalonso@malaga.eu
Destinatarios:

 
 Adultos",/export/shared/corporativas/default/agenda-l.png,/la-ciudad/instalaciones-y-espacios/detalle-de-la-instalacion/?id=112,"Biblioteca Pública Municipal ""Dámaso Alonso"" (Jardín de Málaga)"
/la-ciudad/agenda/detalle-actividad/index.html?id=138182,Manipulador de Alimentos para Celíacos,"['23/4/2025', '23/4/2025']",El carnet de manipulador de alimentos es un certificado que avala que la persona ha recibido toda la formación imprescindible para manipular alimentos de acuerdo a los principios de higiene y seguridad alimentaria.,"Evento:
IMFE: Jornadas y seminarios 
Otros lugares:
Online
Horario:
08.30 A 14.30 H (SOLO UN DÍA DURANTE 6 HORAS)-A través de la plataforma GoToMeeting
Web:
https://imfe.malaga.eu/imfeinscripciones/inscripcion/13753
Precio:
Gratuito
Email:
imfeformacion@malaga.eu
Fecha Inscripción:

 
 Desde 
 
 3/2/2025
 
 Hasta 
 
 13/4/2025

Destinatarios:

 
 Adultos",https://www.malaga.eu/visorcontenido/AGDImageDisplayer1/48700/ImagenAgenda48700,,
/la-ciudad/agenda/detalle-actividad/index.html?id=139228,Cita con el Tablero. Taller de Ajedrez Infantil. BPM Cristóbal Cuevas,"['23/4/2025', '23/4/2025']",Dirigido a: niños/as de 6 a 12 años. PREVIA INSCRIPCIÓN. Contenido: Taller de iniciación al ajedrez dirigido a los más pequeños y coordinado por Enrique Díaz Fernández.          2025/04/07 14:04:07,"Evento:
Plan de Fomento a la Lectura en las Bibliotecas Municipales 2025
Horario:
18:30 horas
Teléfono:
951 92 6184
Precio:
Gratuito
Email:
biblio.ccuevas@malaga.eu
Destinatarios:

 
 Infantil",/export/shared/corporativas/default/agenda-l.png,/la-ciudad/instalaciones-y-espacios/detalle-de-la-instalacion/?id=3011,"Biblioteca Pública Municipal ""Cristóbal Cuevas"" (Bailén-Miraflores)"
/la-ciudad/agenda/detalle-actividad/index.html?id=139231,Día del Libro: Irene Vallejo.,"['23/4/2025', '23/4/2025']","Charlará con la autora Ana Cabello, gerente de la Fundación Rafael Pérez Estrada.","Evento:
Fundación Rafael Pérez Estrada
Horario:
18:30 h.
Destinatarios:

 
 Todas la edades",/export/shared/corporativas/default/agenda-l.png,/la-ciudad/instalaciones-y-espacios/detalle-de-la-instalacion/?id=7991,Centre Pompidou Málaga
/la-ciudad/agenda/detalle-actividad/index.html?id=138905,"TEATRO ""EL CIRCO DE LAS EMOCIONES"" C.E.I.P. PROFESOR E. TIERNO GALVÁN","['23/4/2025', '23/4/2025']","Representación teatral correspondiente al proyecto del centro ""Teatro en Familia"" 


A través de los personajes las niñas y los niños podrán reconocer las diferentes emociones. Cada nuevo personaje que aparece durante la actuación ayudará a aprender y gestionar las emociones que se le van presentando. Descubrirán que el miedo, la vergüenza, la tristeza, la ira, forman parte de la vida y que hay que aprender a convivir con ellas, junto a la alegría, el optimismo y la calma. Aprenderán que para realizar un gran espectáculo deben tener en equilibrio todas sus emociones y recibirán la ayuda y consejos de sus compañeros y compañeras del circo.","Evento:
LA CAJA BLANCA - Auditorio 2025
Horario:
Primer pase: 17:30 horas Segundo pase: 19:00 horas

Precio:
 GRATUITA hasta completar aforo.



INFORMACIÓN en C.E.I.P. PROFESOR E. TIERNO GALVÁN 
Apto para todos los públicos..
Aforo condicionado a la Legislación Vigente..

Destinatarios:

 
 Todas la edades",,/la-ciudad/instalaciones-y-espacios/detalle-de-la-instalacion/?id=2770,La Caja Blanca
/la-ciudad/agenda/detalle-actividad/index.html?id=139155,Taller de Poesía Grupo 21. B.P.M. Manuel Altolaguirre,"['23/4/2025', '23/4/2025']","Dirigido. Público adulto. PREVIA INSCRIPCIÓN
Contenido. Taller de poesía donde se trabaja con distintos recursos poéticos  dando a conocer poetas de diferentes etapas y movimientos literarios. Organizado por la Asociación Grupo 21 y dirigido por Francisco Sánchez.","Evento:
Plan de Fomento a la Lectura en las Bibliotecas Municipales 2025
Horario:
17:30 horas
Teléfono:
951 92 6176
Precio:
Gratuito
Email:
biblio.maltolaguirre@malaga.eu
Destinatarios:

 
 Adultos",/export/shared/corporativas/default/agenda-l.png,/la-ciudad/instalaciones-y-espacios/detalle-de-la-instalacion/?id=116,"Biblioteca Pública Municipal ""Manuel Altolaguirre"" (Cruz)"
/la-ciudad/agenda/detalle-actividad/index.html?id=139328,"Tú, tu idea o proyecto y la IA","['23/4/2025', '23/4/2025']","El objetivo del taller es guiarte en el estudio en profundidad de tu idea o proyecto con las ultimas metodologías utilizando la IA más adecuada para conocer la viabilidad técnica, financiera y económica de la idea de negocio","Evento:
IMFE: UNIDAD DE EMPRESAS
Otros lugares:
Unidad de Empresas del IMFE en C/ Victoria nº9 
Horario:
De 10:00 h. a 13:30 h.
Web:
https://imfe.malaga.eu/imfeinscripciones/inscripcion//14089
Precio:
Gratuito
Email:
emprendedore@malaga.eu
Fecha Inscripción:

 
 Desde 
 
 11/4/2025
 
 Hasta 
 
 23/4/2025

Destinatarios:

 
 Adultos",https://www.malaga.eu/visorcontenido/AGDImageDisplayer1/48997/ImagenAgenda48997,,
/la-ciudad/agenda/detalle-actividad/index.html?id=139041,Mindfulness (Edición 1) [Plazas agotadas],"['23/4/2025', '30/4/2025']","Con el objeto de facilitar la inserción laboral se ha puesto en marcha el Programa de Competencias Profesionales para el Empleo que se compone de acciones formativas eminentemente prácticas orientados al desarrollo de competencias transversales indispensables, que permitirán afrontar con mayor garantía de éxito los procesos de selección a los que se enfrente la persona que busca empleo.
Los contenidos de este curso se corresponden con el Programa CTRP0006 del Catálogo de Especialidades Formativas del Servicio Público del Empleo Estatal (SEPE), quedando constancia de ello en el diploma acreditativo, siempre que se finalice satisfactoriamente el curso.","Evento:
IMFE: Competencias para el Empleo
Otros lugares:
Las sesiones presenciales son en C/ Concejal Muñoz Cerván 3. Módulo 5 (Tabacalera)
Horario:
De 09:00 a 14:00 horas (días laborables)
Teléfono:
951 92 76 46 
Web:
https://imfe.malaga.eu/proximos-cursos/index.html?categoria=Competencias%20para%20el%20Empleo&codCurso=2481
Precio:
Gratuito
Email:
daguilar@malaga.eu
Fecha Inscripción:

 
 Desde 
 
 28/3/2025
 
 Hasta 
 
 20/4/2025

Destinatarios:

 
 Adultos",https://www.malaga.eu/visorcontenido/AGDImageDisplayer1/48900/ImagenAgenda48900,,
/la-ciudad/agenda/detalle-actividad/index.html?id=139217,Gestión del Estrés y Trabajo Bajo Presión (CTRR0014),"['21/4/2025', '21/5/2025']","Módulo 1.- CONCEPTUALIZACIÓN DEL ESTRÉS
Módulo 2.- CÓMO MANEJAR EL TRABAJO BAJO PRESIÓN
Módulo 3.- TÉCNICAS DE RELAJACIÓN Y MINDFULNESS","Evento:
IMFE: Formación online
Otros lugares:
Online
Horario:
Online
Web:
https://imfe.malaga.eu/imfeinscripciones/inscripcion/14068
Precio:
Gratuito
Email:
froliva@malaga.eu
Fecha Inscripción:

 
 Desde 
 
 2/4/2025
 
 Hasta 
 
 21/4/2025

Destinatarios:

 
 Adultos",https://www.malaga.eu/visorcontenido/AGDImageDisplayer1/48938/ImagenAgenda48938,,
/la-ciudad/agenda/detalle-actividad/index.html?id=139148,Club de Lectura para Adultos. B.P.M. Manuel Altolaguirre,"['24/4/2025', '24/4/2025']","Dirigido a: Personas adultas. PREVIA INSCRIPCIÓN. Contenido: La lectura es un placer que se disfruta en solitario pero  se convierte en apasionante cuando las aventuras leídas se comparten con otras personas.
El club de lectura está formado por un número de  personas  que se reúnen regularmente en la biblioteca para compartir la experiencia de la lectura mediante el comentario del libro elegido; Los clubs de lectura se reúnen una vez al mes salvo en periodo estival y van dirigido tanto a público infantil como a adultos. Libro: La dama de la Cartuja, de Inma Aguilera","Evento:
Plan de Fomento a la Lectura en las Bibliotecas Municipales 2025
Horario:
18:00 h.
Teléfono:
951 92 6176
Precio:
Gratuito
Email:
biblio.maltolaguirre@malaga.eu
Destinatarios:

 
 Adultos",/export/shared/corporativas/default/agenda-l.png,/la-ciudad/instalaciones-y-espacios/detalle-de-la-instalacion/?id=116,"Biblioteca Pública Municipal ""Manuel Altolaguirre"" (Cruz)"
/la-ciudad/agenda/detalle-actividad/index.html?id=139152,Club de Lectura para Adultos. B.P.M. Serafín Estébanez Calderón,"['24/4/2025', '24/4/2025']",Dirigido a: Adultos a partir de 18 años. PREVIA INSCRIPCIÓN. Contenido: La lectura es un placer que se disfruta en solitario pero  se convierte en apasionante cuando las aventuras leídas se comparten con otras personas. El club de lectura está formado por un número de  personas  que se reúnen regularmente en la biblioteca para compartir la experiencia de la lectura mediante el comentario del libro elegido; Los clubs de lectura se reúnen una vez al mes salvo en periodo estival y van dirigido tanto a público infantil como a adultos. Libro: Madre de leche y miel¿ de Najat El Hachmi,"Evento:
Plan de Fomento a la Lectura en las Bibliotecas Municipales 2025
Horario:
a las 18:00 h.
Precio:
Gratuito
Email:
biblio.dalonso@malaga.eu
Destinatarios:

 
 Adultos",/export/shared/corporativas/default/agenda-l.png,/la-ciudad/instalaciones-y-espacios/detalle-de-la-instalacion/?id=112,"Biblioteca Pública Municipal ""Dámaso Alonso"" (Jardín de Málaga)"
/la-ciudad/agenda/detalle-actividad/index.html?id=139429,"PERFORMANCE | No estamos de paso, Rocío Texeira y alumnado UMA","['24/4/2025', '24/4/2025']","El alumnado del Grado en Educación Primaria de la Facultad de Ciencias de la Educación de la Universidad de Málaga, junto con la profesora, investigadora y artista Rocío Texeira Jiménez presentan No estamos de paso. Una performance colectiva que emerge al abrigo de la asignatura Desarrollo Curricular de las Artes Plásticas y Visuales y que permite al grupo relacionarse con el entorno cultural, traspasando los límites del formato de visita al uso, para hacerlo participando en él y de él de forma activa.
 
No estamos de paso es una acción ad hoc para la Colección del Ruso de Málaga en diálogo con su espacio y su programación que reivindica el tiempo pausado frente a la realidad frenética que nos envuelve; es la juventud apelando poder parar, respirar, meditar y acompañar, y así cuidar, reflexionar y activar actitudes comprometidas, críticas y participativas en las experiencias vitales desde una mirada artística, sensible y consciente; es también una oportunidad de habitar. Habitar de otros modos posibles, para que los lugares existan, y entender en profundidad lo que supone pertenecer 'en' ellos -más que 'a' ellos-. De este modo, la inscripción será necesaria para los dos encuentros.","Evento:
Festival de Artes Vivas
Horario:
17:00 horas
Web:
https://www.cultura.malaga.eu
Precio:
Aforo limitado. Entrada libre hasta completar aforo, previa recogida de invitaciones a partir de las 16:00.
Destinatarios:

 
 Todas la edades",/export/shared/corporativas/default/agenda-l.png,/la-ciudad/instalaciones-y-espacios/detalle-de-la-instalacion/?id=8008,"Colección del Museo Ruso, San Petersburgo Málaga"
/la-ciudad/agenda/detalle-actividad/index.html?id=139430,PERFORMANCE | Selva. Daniel Abreu (Premio Nacional de Danza 2014),"['24/4/2025', '24/4/2025']","Esta obra creada para espacios no convencionales, se inspira en el juego de las relaciones, creando un paisaje de movimiento muy visual. Contase como opciones de un enorme ecosistema y las muchas maneras de mirar que nos habitan desde lo coreográfico. Se presenta con personajes danzantes que se entrelazan y observan desde la exigencia de ser algo o alguien a cada momento. Tres intérpretes que cruzan extremidades y torsos por el placer de bailar y por la obviedad de las diferencias, de las de uno mismo frente a los otros.","Evento:
Festival de Artes Vivas
Horario:
18:00 horas
Web:
https://www.cultura.malaga.eu
Precio:
Aforo limitado. Entrada libre hasta completar aforo, previa recogida de invitaciones a partir de las 16:00.
Destinatarios:

 
 Todas la edades",/export/shared/corporativas/default/agenda-l.png,/la-ciudad/instalaciones-y-espacios/detalle-de-la-instalacion/?id=8008,"Colección del Museo Ruso, San Petersburgo Málaga"
/la-ciudad/agenda/detalle-actividad/index.html?id=138904,"TEATRO ""EL CIRCO DE LAS EMOCIONES"" C.E.I.P. PROFESOR E. TIERNO GALVÁN","['24/4/2025', '24/4/2025']","Representación teatral correspondiente al proyecto del centro ""Teatro en Familia"" 


A través de los personajes las niñas y los niños podrán reconocer las diferentes emociones. Cada nuevo personaje que aparece durante la actuación ayudará a aprender y gestionar las emociones que se le van presentando. Descubrirán que el miedo, la vergüenza, la tristeza, la ira, forman parte de la vida y que hay que aprender a convivir con ellas, junto a la alegría, el optimismo y la calma. Aprenderán que para realizar un gran espectáculo deben tener en equilibrio todas sus emociones y recibirán la ayuda y consejos de sus compañeros y compañeras del circo.","Evento:
LA CAJA BLANCA - Auditorio 2025
Horario:
Primer pase: 17:30 horas Segundo pase: 19:00 horas

Precio:
 GRATUITA hasta completar aforo.



INFORMACIÓN en C.E.I.P. PROFESOR E. TIERNO GALVÁN 
Apto para todos los públicos..
Aforo condicionado a la Legislación Vigente..

Destinatarios:

 
 Todas la edades",,/la-ciudad/instalaciones-y-espacios/detalle-de-la-instalacion/?id=2770,La Caja Blanca
/la-ciudad/agenda/detalle-actividad/index.html?id=139150,Club de Lectura para Adultos. B.P.M. Cristóbal Cuevas,"['25/4/2025', '25/4/2025']",Dirigido a: Adultos a partir de 18 años. PREVIA INSCRIPCIÓN. Contenido: La lectura es un placer que se disfruta en solitario pero  se convierte en apasionante cuando las aventuras leídas se comparten con otras personas. El club de lectura está formado por un número de  personas  que se reúnen regularmente en la biblioteca para compartir la experiencia de la lectura mediante el comentario del libro elegido; Los clubs de lectura se reúnen una vez al mes salvo en periodo estival y van dirigido tanto a público infantil como a adultos. Libro:París era una fiesta de Ernest Hemingway,"Evento:
Plan de Fomento a la Lectura en las Bibliotecas Municipales 2025
Horario:
18:00 horas
Teléfono:
951 92 6184
Precio:
Gratuito
Email:
biblio.ccuevas@malaga.eu
Destinatarios:

 
 Adultos",/export/shared/corporativas/default/agenda-l.png,/la-ciudad/instalaciones-y-espacios/detalle-de-la-instalacion/?id=3011,"Biblioteca Pública Municipal ""Cristóbal Cuevas"" (Bailén-Miraflores)"
/la-ciudad/agenda/detalle-actividad/index.html?id=139214,LIBROS Y COMUNIDAD; un encuentro en el día del libro,"['25/4/2025', '25/4/2025']","Ven a celebrar el Día del Libro en el Distrito 4, en el Parque del Norte, el próximo viernes 25 de abril, a partir de las 16:30h hasta las 21:30h., y no te pierdas el Teatro Mágico, participa en el flashmob o quizás prefieras nuestros talleres de pintacaras, tattoos, pompas y globoflexia. ¡Apúntalo en tu agenda! y celebra el día del libro en Bailén-Miraflores.","Evento:
LIBROS Y COMUNIDAD; un encuentro en el día del libro
Otros lugares:
PARQUE DEL NORTE
Horario:
16:30h a 21:30h
Precio:
GRATUITO
Destinatarios:

 
 Todas la edades",https://www.malaga.eu/visorcontenido/AGDImageDisplayer1/48937/ImagenAgenda48937,,
/la-ciudad/agenda/detalle-actividad/index.html?id=139160,La hora del cuento. BPM Manuel Altolaguirre,"['25/4/2025', '25/4/2025']","Niños y niñas de 4 a 10 años de edad. Entrada libre hasta completar aforo. Contenido: Sesiones de cuentacuentos donde las niñas y niños son los protagonistas junto a las narraciones y juegos.
Con La hora del cuento  se visualiza la biblioteca como espacio lúdico y se invita a padres y madres a visitar la biblioteca y a hacer  uso de sus servicios, entre otros el servicio de  préstamo. 
  2025/04/04 08:55:23","Evento:
Plan de Fomento a la Lectura en las Bibliotecas Municipales 2025
Horario:
17:00 horas
Teléfono:
951 92 6176


Precio:
Gratuito
Email:
biblio.maltolaguirre@malaga.eu
Destinatarios:

 
 Infantil",/export/shared/corporativas/default/agenda-l.png,/la-ciudad/instalaciones-y-espacios/detalle-de-la-instalacion/?id=116,"Biblioteca Pública Municipal ""Manuel Altolaguirre"" (Cruz)"
/la-ciudad/agenda/detalle-actividad/index.html?id=139371,Proyección: Subatlantic de Ursula Biemann,"['25/4/2025', '9/7/2025']","Artista y curadora suiza, Ursula Biemann presenta Subatlantic. 2015 videoensayo que yuxtapone geología y climatología, explorando la última fase climática del Holoceno. Rodada en la bahía Disco de Groenlandia, las islas Shetland y una isla del Caribe, la película narra las observaciones de una científica ficticia que es testigo de los últimos deshielos glaciares. El deshielo del océano Atlántico libera nuevos materiales genéticos que han estado congelados antes de que comenzara la era humana.
El videoensayo es considerado un poema de ciencia ficción, que propone una visión del océano, donde la intensa cohabitación entre especies impulsa nuevas formas de pensar. Biemann imagina un futuro optimista en el que los humanos han dejado de dominar su entorno y han adoptado un modo de vida en estrecha sintonía con el mundo natural.
Lugar de celebración: Sala de audiovisuales MUCAC La Coracha","Evento:
Museo Centro de Arte Contemporáneo, Málaga (MuCAC sede la Coracha) la coracha)
Otros lugares:
Museo Centro de Arte Contemporáneo, Málaga (MuCAC sede la Coracha) 
Horario:
De martes a Domingo de 10h a 20h
Teléfono:
(+34) 951 92 87 10
Web:
https://www.cultura.malaga.eu
Precio:
Precios: Acceso gratuito
Email:
infomucac@malaga.eu
Destinatarios:

 
 Todas la edades",/export/shared/corporativas/default/agenda-l.png,,
/la-ciudad/agenda/detalle-actividad/index.html?id=139369,Ayer. Colección 1940-1990. I Relectura de la Colección.,"['25/4/2025', '12/10/2026']","Presentación de la Colección MUCAC, Ayer. Colección 1940-1990 en los Espacios Uno y Dos de la sede La Coracha (acceso por Paseo de Reding, 1) 
Esta I relectura de la colección de MUCAC, abarca una serie de hitos significativos en nuestro país, con una especial mirada al tejido artístico y cultural malagueño y andaluz, desde 1940 hasta los primeros años 90: desde el exilio y la cuestión surrealista, el academicismo de la posguerra o el germen de la modernidad en sus vertientes informalista y geométrica, al contexto artístico de los años ochenta, ya sea desde su faceta oficial o contracultural.
Una selección de obras de más de 70 artistas españoles,  procedentes de la colección, y en diálogo con obras procedentes de colecciones como la Colección de Arte de Carmen Riera, depositada en el Ayuntamiento de Málaga, del Colegio de Arquitectos de Málaga o la Fundación Berrocal, el Museo de Málaga, u otras colecciones particulares. Calendario: de 25 de abril 2025 hasta 12 octubre de 2026.
Comisario. Salvador Nadales
E-mail: infomucac@malaga.eu","Evento:
Museo Centro de Arte Contemporáneo, Málaga (MuCAC sede la Coracha) la coracha)
Otros lugares:
Museo Centro de Arte Contemporáneo, Málaga (MuCAC sede la Coracha) 
Horario:
De martes a Domingo de 10h a 20h
Teléfono:
(+34) 951 92 87 10
Web:
https://www.cultura.malaga.eu
Precio:
Precios: Acceso gratuito
Email:
infomucac@malaga.eu
Destinatarios:

 
 Todas la edades",/export/shared/corporativas/default/agenda-l.png,,
/la-ciudad/agenda/detalle-actividad/index.html?id=139370,Naturaleza en Resistencia. Re-pensar la Colección,"['25/4/2025', '12/10/2026']","Con fondos de la colección municipal se presenta la exposición temporal Naturaleza en resistencia. Re-pensar la colección  que ofrecerá desde una clave transversal, un recorrido por composiciones paisajísticas desde el siglo XIX hasta el XXI, que celebran la diversidad en la representación de la naturaleza. A modo de gabinete de maravillas o de curiosidades se exhiben más de 80 obras de diferentes medios artísticos, de 59 artistas españoles (de ellos 17 malagueños) y 11  internacionales, en la tercera planta de MUCAC. Desde los paisajes decimonónicos, en los que la naturaleza se muestra sublime hasta las visiones del siglo XXI que reflexionan sobre la sostenibilidad y el impacto del ser humano en el medio ambiente, para reflexionar, en clave ecologista,  sobre nuestra relación con el medioambiente. Desde Carlos de Haes, a Juan del Junco, pasando por la obra de Richard Long, o Cristina Iglesias, ¿entre los artistas seleccionados que ponen el foco en nuestro entorno natural.
Destinatarios: todos los públicos","Evento:
Museo Centro de Arte Contemporáneo, Málaga (MuCAC sede la Coracha) la coracha)
Otros lugares:
Museo Centro de Arte Contemporáneo, Málaga (MuCAC sede la Coracha) 
Horario:
De martes a Domingo de 10h a 20h
Teléfono:
(+34) 951 92 87 10
Web:
https://www.cultura.malaga.eu
Precio:
Precios: Acceso gratuito
Email:
infomucac@malaga.eu
Destinatarios:

 
 Todas la edades",/export/shared/corporativas/default/agenda-l.png,,
/la-ciudad/agenda/detalle-actividad/index.html?id=138899,"TEATRO ""BODAS DE SANGRE DE FEDERICO GARCÍA LORCA"" Compañía Catarsis en Solidaridad con los fines de Asociación Asamma","['26/4/2025', '26/4/2025']","Compañía Catarsis.  En Solidaridad con los fines de Asociación Asamma  


Historia real de principios del siglo XX, el tema principal tratado en este gran drama es la vida y la muerte. Narra la historia de dos familias enfrentadas a muerte, un matrimonio impuesto, la joven antes de casarse decide huir con su primo en el último momento, esto desata la furia del novio quien los persigue hasta encontrarlos, en el enfrentamiento la honra y la venganza se cobraron su tributo de sangre.
Protagonistas:
 Ángeles Ruiz Moreno (en el papel de la novia).
 Carmen Sánchez Zambrana (en el papel de la madre del novio).
Diego Banderas de las Heras (en el papel de Leonardo)
 Juan Manuel Roldán Portillo  (en el papel del novio).
Luis Miguel Bonet Teixeira (en el papel del padre de la novia).
Herminia Rojas Gavilán (en el papel de la mujer de Leonardo).
Antonia Caminero Molina (en el papel de suegra de Leonardo).
 Mª Carmen Quintero González (en el papel de la criada).
Laura Roldán Iglesias (en el papel de la vecina y cantante).
Adriana Jiménez Mesa (en el papel de la niña, bailaora con castañuelas).
Carlos Robles Palomo (técnico de la compañía teatral que introducir la música, luces e imágenes de la obra).","Evento:
LA CAJA BLANCA - Auditorio 2025
Horario:
19:00 horas

Precio:
 Donativo:15 Euros. En solidaridad con los fines de Asamma (Asociación para la atención a Mujeres operadas de cáncer de mama) 



Entradas en: Sede de Asamma, en Málaga, calle Jaboneros nº 11: 
Apto para todos los públicos..
Aforo condicionado a la Legislación Vigente..

Destinatarios:

 
 Todas la edades",,/la-ciudad/instalaciones-y-espacios/detalle-de-la-instalacion/?id=2770,La Caja Blanca
/la-ciudad/agenda/detalle-actividad/index.html?id=139133,45º Carrera Popular El Palo,"['27/4/2025', '27/4/2025']",,"Evento:
Eventos Deportivos Área de Deporte 2025
Otros lugares:
Distrito Málaga Este
Precio:
Menores de 18 años gratis - Mayores de 18 años 5 ¿
Email:
asociacion@elpalo.org
Destinatarios:

 
 Todas la edades",https://www.malaga.eu/visorcontenido/AGDImageDisplayer1/48917/ImagenAgenda48917,,
/la-ciudad/agenda/detalle-actividad/index.html?id=139149,Club de Lectura para Adultos. B.P.M. Manuel Altolaguirre,"['28/4/2025', '28/4/2025']","Dirigido a: Personas adultas. PREVIA INSCRIPCIÓN. Contenido: La lectura es un placer que se disfruta en solitario pero  se convierte en apasionante cuando las aventuras leídas se comparten con otras personas.
El club de lectura está formado por un número de  personas  que se reúnen regularmente en la biblioteca para compartir la experiencia de la lectura mediante el comentario del libro elegido; Los clubs de lectura se reúnen una vez al mes salvo en periodo estival y van dirigido tanto a público infantil como a adultos. Libro: Cosas pequeñas como esas, de Claire Keegan","Evento:
Plan de Fomento a la Lectura en las Bibliotecas Municipales 2025
Horario:
18:00 h.
Teléfono:
951 92 6176
Precio:
Gratuito
Email:
biblio.maltolaguirre@malaga.eu
Destinatarios:

 
 Adultos",/export/shared/corporativas/default/agenda-l.png,/la-ciudad/instalaciones-y-espacios/detalle-de-la-instalacion/?id=116,"Biblioteca Pública Municipal ""Manuel Altolaguirre"" (Cruz)"
/la-ciudad/agenda/detalle-actividad/index.html?id=138906,"PERFORMANCE ""MAREAS DE DANZA"" CONTRATIEMPO CAMEI","['29/4/2025', '29/4/2025']","Academia Contratiempo Camei. Danza contemporánea/performance 
""Mareas de Danza"" es una performance de la escuela y la compañía amateur del Centro Artístico Contratiempo.
Es una celebración de la danza, el movimiento, la interpretación y la poética del arte enfocado en la vida que nos da bailar con intención de contagiar esta vitalidad danzada.
Compañía Amateur de Danza Contemporánea y Danza Teatro que crea desde la
vulnerabilidad humana, la poesía, la feminidad, la naturaleza y el dinamismo físico de la danza.
Autoras: Rosa Aledo, Daniela Jamila, Gaby Pardo, María Benítez Márquez, Miriam Antiñolo Fernández-Casamayor, Alba Martín Hernando

Fotografías: 
Ana @annulicreativa
Suso Miragaya @jmsusobnw","Evento:
LA CAJA BLANCA - Auditorio 2025
Horario:
20:00 horas
Precio:
 Precio normal: 7 Euros, Precio venta anticipada:5 Euros



Punto de venta de entradas: Pago por Bizum al 642.590.636 con Concepto ""MAREAS""
ENVIAR justificante por WHATSAPP (642590636) para
recibir la Entrada Digital por whatsapp 
Apto para todos los públicos..
Aforo condicionado a la Legislación Vigente..

Destinatarios:

 
 Todas la edades",,/la-ciudad/instalaciones-y-espacios/detalle-de-la-instalacion/?id=2770,La Caja Blanca
/la-ciudad/agenda/detalle-actividad/index.html?id=139229,Cita con el Tablero. Taller de Ajedrez Infantil. BPM Cristóbal Cuevas,"['30/4/2025', '30/4/2025']",Dirigido a: niños/as de 6 a 12 años. PREVIA INSCRIPCIÓN. Contenido: Taller de iniciación al ajedrez dirigido a los más pequeños y coordinado por Enrique Díaz Fernández.          2025/04/07 14:04:07 2025/04/07 14:04:22,"Evento:
Plan de Fomento a la Lectura en las Bibliotecas Municipales 2025
Horario:
18:30 horas
Teléfono:
951 92 6184
Precio:
Gratuito
Email:
biblio.ccuevas@malaga.eu
Destinatarios:

 
 Infantil",/export/shared/corporativas/default/agenda-l.png,/la-ciudad/instalaciones-y-espacios/detalle-de-la-instalacion/?id=3011,"Biblioteca Pública Municipal ""Cristóbal Cuevas"" (Bailén-Miraflores)"
/la-ciudad/agenda/detalle-actividad/index.html?id=139329,Los Números Mandan y Yo Decido. Analiza la Viabilidad Económica,"['30/4/2025', '30/4/2025']",El objetivo del taller es guiarte en el análisis detallado con las herramientas adecuadas para conocer la viabilidad económica de tu idea de negocio.,"Evento:
IMFE: UNIDAD DE EMPRESAS
Otros lugares:
Unidad de Empresas del IMFE en C/ Victoria nº9 
Horario:
De 10:00 h a 13:00 h
Web:
https://imfe.malaga.eu/imfeinscripciones/inscripcion//14088
Precio:
Gratuito
Email:
emprendedore@malaga.eu
Fecha Inscripción:

 
 Desde 
 
 11/4/2025
 
 Hasta 
 
 30/4/2025

Destinatarios:

 
 Todas la edades",https://www.malaga.eu/visorcontenido/AGDImageDisplayer1/48996/ImagenAgenda48996,,
/la-ciudad/agenda/detalle-actividad/index.html?id=139156,Taller de Poesía Grupo 21. B.P.M. Manuel Altolaguirre,"['30/4/2025', '30/4/2025']","Dirigido. Público adulto. PREVIA INSCRIPCIÓN
Contenido. Taller de poesía donde se trabaja con distintos recursos poéticos  dando a conocer poetas de diferentes etapas y movimientos literarios. Organizado por la Asociación Grupo 21 y dirigido por Francisco Sánchez.","Evento:
Plan de Fomento a la Lectura en las Bibliotecas Municipales 2025
Horario:
17:30 horas
Teléfono:
951 92 6176
Precio:
Gratuito
Email:
biblio.maltolaguirre@malaga.eu
Destinatarios:

 
 Adultos",/export/shared/corporativas/default/agenda-l.png,/la-ciudad/instalaciones-y-espacios/detalle-de-la-instalacion/?id=116,"Biblioteca Pública Municipal ""Manuel Altolaguirre"" (Cruz)"
/la-ciudad/agenda/detalle-actividad/index.html?id=139330,Inglés Inicial (FCOE09),"['5/5/2025', '5/6/2025']","¿ Identificación de un repertorio amplio pero sencillo de vocabulario, estructuras y fórmulas aprendidas.
¿ Comunicación adecuada en un registro neutro, aunque con suficiente flexibilidad como para adaptarse a diferentes situaciones.
¿ Expresión correcta de lo que se pretende decir sobre todo en situaciones imprevistas y de cierta tensión.","Evento:
IMFE: Formación online
Otros lugares:
Online
Horario:
Online
Web:
https://imfe.malaga.eu/imfeinscripciones/inscripcion/14108
Precio:
Gratuito
Email:
froliva@malaga.eu
Fecha Inscripción:

 
 Desde 
 
 10/4/2025
 
 Hasta 
 
 5/5/2025

Destinatarios:

 
 Adultos",https://www.malaga.eu/visorcontenido/AGDImageDisplayer1/48976/ImagenAgenda48976,,
/la-ciudad/agenda/detalle-actividad/index.html?id=139144,HTML 5 y CSS 3 (Online),"['5/5/2025', '8/6/2025']","Con el objeto de facilitar la inserción laboral se ha puesto en marcha el Programa de Competencias Profesionales para el Empleo que se compone de acciones formativas eminentemente prácticas orientados al desarrollo de competencias transversales indispensables, que permitirán afrontar con mayor garantía de éxito los procesos de selección a los que se enfrente la persona que busca empleo.
Los contenidos de este curso se corresponden con el Programa IFCM036PO del Catálogo de Especialidades Formativas del Servicio Público del Empleo Estatal (SEPE), quedando constancia de ello en el diploma acreditativo, siempre que se finalice satisfactoriamente el curso.","Evento:
IMFE: Competencias para el Empleo
Otros lugares:
Online a través de plataforma de teleformación
Horario:
Formación online
Teléfono:
951 92 76 46 
Web:
https://imfe.malaga.eu/proximos-cursos/index.html?categoria=Competencias%20para%20el%20Empleo&codCurso=2490
Precio:
Gratuito
Email:
daguilar@malaga.eu
Fecha Inscripción:

 
 Desde 
 
 4/4/2024
 
 Hasta 
 
 29/4/2025

Destinatarios:

 
 Adultos",https://www.malaga.eu/visorcontenido/AGDImageDisplayer1/48919/ImagenAgenda48919,,
/la-ciudad/agenda/detalle-actividad/index.html?id=139344,"Detección, Prevención y Gestión del Estrés (Edición 1)","['6/5/2025', '15/5/2025']","Con el objeto de facilitar la inserción laboral se ha puesto en marcha el Programa de Competencias Profesionales para el Empleo que se compone de acciones formativas eminentemente prácticas orientados al desarrollo de competencias transversales indispensables, que permitirán afrontar con mayor garantía de éxito los procesos de selección a los que se enfrente la persona que busca empleo.
Los contenidos de este curso se corresponden con el Programa SEAD048PO del Catálogo de Especialidades Formativas del Servicio Público del Empleo Estatal (SEPE), quedando constancia de ello en el diploma acreditativo, siempre que se finalice satisfactoriamente el curso.","Evento:
IMFE: Competencias para el Empleo
Otros lugares:
Las sesiones presenciales son en C/ Concejal Muñoz Cerván 3. Módulo 5 (Tabacalera)
Horario:
De 09:00 a 14:00 horas (días laborables)
Teléfono:
951 92 76 46 
Web:
https://imfe.malaga.eu/proximos-cursos/index.html?categoria=Competencias%20para%20el%20Empleo&codCurso=2483
Precio:
Gratuito
Email:
daguilar@malaga.eu
Fecha Inscripción:

 
 Desde 
 
 16/4/2025
 
 Hasta 
 
 30/4/2025

Destinatarios:

 
 Adultos",https://www.malaga.eu/visorcontenido/AGDImageDisplayer1/48977/ImagenAgenda48977,,
/la-ciudad/agenda/detalle-actividad/index.html?id=139260,XXIX MUESTRA GASTRONÓMICA POPULAR CHURRIANA 2025,"['8/4/2025', '10/5/2025']","El sábado 10 de Mayo, a las 14:00 h. disfrutaremos un año más de esta actividad gastronómica en Churriana, donde podremos disfrutar del arte culinario que tenemos en este Distrito 8.


El concurso tendrá lugar en los Jardines Gerald Brenan, situados en la Plaza de la Inmaculada 11, a las 14:00 h.

 Las solicitudes se podrán presentar preferentemente por la Sede Electrónica o en la OMAC Nº 8 Churriana (Pza. de la Inmaculada) en horario de 9:00 a 14:00 h.

Se otorgarán 3 premios en cada modalidad: salados y postres.

Primer premio: 200 Euros

Segundo premio: 150 Euros

Tercer premio: 125 Euros


Los concursantes podrán presentar todos los platos que deseen en cualquiera de las dos modalidades; no obstante sólo podrá recibir un premio entre las dos categorías.

El fallo del jurado se dará a conocer el mismo día 10 de mayo de 2025.

¿Te animas a participar?","Evento:
FERIA POPULAR DE CHURRIANA 2025 - SAN ISIDRO LABRADOR
Otros lugares:
JARDINES GERALD BRENAN
Horario:
A PARTIR DE LAS 14:00 HORAS
Teléfono:
951 92 60 48 - 951 92 93 71
Precio:
GRATUITO
Fecha Inscripción:

 
 Desde 
 
 8/4/2025
 
 Hasta 
 
 10/5/2025

Destinatarios:

 
 Todas la edades",https://www.malaga.eu/visorcontenido/AGDImageDisplayer1/48944/ImagenAgenda48944,,
/la-ciudad/agenda/detalle-actividad/index.html?id=139256,VIII CONCURSO ESCAPARATES FERIA CHURRIANA 2025,"['8/4/2025', '15/5/2025']","CONCURSO ESCAPARATES FERIA CHURRIANA 2025

Engalana tu Escaparate y apúntate al Concurso del Distrito

Este año un único premio dotado con 700 ¿

Plazo de Inscripción desde el día siguiente a su publicación y hasta el 5 de mayo de 2025.

Las visitas a los comercios se realizarán los días 7 y 8 de mayo.

La Resolución que se dará a conocer el día 15 de mayo en la Caseta Municipal del Recinto Ferial a las 22:30 horas.","Evento:
FERIA POPULAR DE CHURRIANA 2025 - SAN ISIDRO LABRADOR
Otros lugares:
ESCAPARATES COMERCIOS DE CHURRIANA
Horario:
HORARIO COMERCIAL
Teléfono:
951 92 60 48
Precio:
GRATUITO
Destinatarios:

 
 Todas la edades",https://www.malaga.eu/visorcontenido/AGDImageDisplayer1/48939/ImagenAgenda48939,,
/la-ciudad/agenda/detalle-actividad/index.html?id=139257,FERIA SAN ISIDRO LABRADOR CHURRIANA 2025,"['8/4/2025', '19/5/2025']","Un año más disfrutaremos de la Gran Feria de Churriana, en honor a San Isidro Labrador.

Dentro del programa de actividades podremos encontrar:

     - Romería 
     - Atracciones de Feria para todas las edades 
     - Actuaciones infantiles 
     - Conciertos para todas las edades 
   
La feria se celebrará entre el 15 y el 18 de Mayo, siendo el Lunes 19 de Mayo el Día Infantil.

¡Ven y Disfruta con nosotros!","Evento:
FERIA POPULAR DE CHURRIANA 2025 - SAN ISIDRO LABRADOR
Otros lugares:
RECINTO FERIAL EL PIZARRILLO
Horario:
TARDE-NOCHE
Teléfono:
951 92 93 71 - 951 92 60 48
Precio:
GRATUITO
Fecha Inscripción:

 
 Desde 
 
 8/4/2025
 
 Hasta 
 
 19/5/2025

Destinatarios:

 
 Todas la edades",/export/shared/corporativas/default/agenda-l.png,,
/la-ciudad/agenda/detalle-actividad/index.html?id=139083,Exposición. Narrativa Esculpida. Suso de Marcos,"['4/4/2025', '1/6/2025']","Esta muestra expositiva pone de manifiesto la estrecha relación entre literatura y escultura que caracteriza la trayectoria artística del artista Suso de Marcos. En esta serie, compuesta por dieciséis piezas inspiradas en novelas de autores españoles contemporáneos, la literatura se convierte en punto de partida para la producción escultórica. El curso creativo del artista parte de una minuciosa disección del texto literario, identificando las claves simbólicas y emocionales que luego serán transfiguradas en formas tridimensionales. Más que una mera ilustración, cada ejercicio escultórico supone una reinterpretación subjetiva, donde los signos y elementos reconocibles funcionan como pistas que invitan a la participación activa del espectador.
La obra de Suso de Marcos se constituye, así como un espacio de indagación, donde literatura y escultura se retroalimentan, generando un flujo incesante de transformación. Despojada de prejuicios, atrae al espectador a sumergirse en un juego interpretativo que trasciende la simple contemplación, explorando los misterios de la creación artística.","Evento:
Archivo Municipal - Salas Mingorance
Horario:
De lunes a viernes de 10:00 h a 13:00 h y de 17:00 h a 20:00 h.
Sábados, domingos y festivos de 10:00 h a 13:00 h.
Web:
https://www.cultura.malaga.eu
Precio:
Precios: Entrada gratuita.
Destinatarios:

 
 Todas la edades",/export/shared/corporativas/default/agenda-l.png,/la-ciudad/instalaciones-y-espacios/detalle-de-la-instalacion/?id=127,Salas Mingorance del Archivo Municipal
/la-ciudad/agenda/detalle-actividad/index.html?id=139163,Exposición. Entre Amigos,"['1/4/2025', '26/4/2025']","Dirigido a: Todos los públicos. ENTRADA LIBRE. Contenido: Exposición de obras de artistas locales encabezados por el ceramista Pepe Chica. Se expondrán las creaciones de José Marchá, Mar Magui, Juan López, Marta Pariente, Ana Mª Aguilar, Manolo Robles y Antonio Quero.","Evento:
Plan de Fomento a la Lectura en las Bibliotecas Municipales 2025
Horario:
De lunes a viernes, de 9:00 h. a 21:00 h.


Teléfono:
951 92 6177
Web:
https://www.cultura.malaga.eu
Destinatarios:

 
 Todas la edades",/export/shared/corporativas/default/agenda-l.png,/la-ciudad/instalaciones-y-espacios/detalle-de-la-instalacion/?id=118,"Biblioteca Pública Municipal ""José Moreno Villa"" (Churriana)"
/la-ciudad/agenda/detalle-actividad/index.html?id=138185,Comunicación y Gestión de Alérgenos,"['14/5/2025', '14/5/2025']","CONTENIDOS:

Módulo 1- Legislación aplicable sobre alérgenos de obligada declaración y comunicación al consumidor: El Reglamento Europeo 1169/2011, sobre la información alimentaria facilitada al consumidor.
Módulo 2- El etiquetado de alérgenos en alimentos envasados, no envasados y de venta a distancia.
Módulo 3- Aspectos clave en la gestión de alérgenos y buenas prácticas de manipulación. Prevención de la contaminación cruzada.","Evento:
IMFE: Jornadas y seminarios 
Otros lugares:
Online
Horario:
08.30 A 14.30 H (SOLO UN DÍA DURANTE 6 HORAS)-A través de la plataforma GoToMeeting
Web:
https://imfe.malaga.eu/imfeinscripciones/inscripcion/13769
Precio:
Gratuito
Email:
imfeformacion@malaga.eu
Fecha Inscripción:

 
 Desde 
 
 3/2/2025
 
 Hasta 
 
 4/5/2025

Destinatarios:

 
 Adultos",https://www.malaga.eu/visorcontenido/AGDImageDisplayer1/48701/ImagenAgenda48701,,
/la-ciudad/agenda/detalle-actividad/index.html?id=138818,"Plan de Igualdad. Desarrollo, Implantación, Sto. y Evaluación (ADGD204PO)","['27/3/2025', '25/4/2025']",Desde los antecedentes históricos y sociales hasta las técnicas de gestión de planes para la igualdad.,"Evento:
IMFE: Formación online
Otros lugares:
Online
Horario:
Online
Web:
https://imfe.malaga.eu/imfeinscripciones/inscripcion/13988
Precio:
Gratuito
Email:
froliva@malaga.eu
Fecha Inscripción:

 
 Desde 
 
 12/3/2025
 
 Hasta 
 
 27/3/2025

Destinatarios:

 
 Adultos",https://www.malaga.eu/visorcontenido/AGDImageDisplayer1/48756/ImagenAgenda48756,,
/la-ciudad/agenda/detalle-actividad/index.html?id=139289,La Marcha del Mamut Málaga 2025,"['25/5/2025', '25/5/2025']",,"Evento:
Eventos Deportivos Área de Deporte 2025
Otros lugares:
Avenida Imperio Argentina nº2 
Precio:
59,90 euros
Email:
info@marchadelmamut.es
Fecha Inscripción:

 
 Desde 
 
 10/1/2025
 
 Hasta 
 
 23/5/2025

Destinatarios:

 
 Todas la edades",https://www.malaga.eu/visorcontenido/AGDImageDisplayer1/48956/ImagenAgenda48956,,
/la-ciudad/agenda/detalle-actividad/index.html?id=138577,Fundamentos y Técnicas de Rehabilitación de Edificios,"['10/3/2025', '19/7/2025']","CONTENIDOS:

1. Fundamentos de la Rehabilitación

2. Trabajos de Rehabilitación y reparación de fachadas

3. Trabajos de Rehabilitación y reparación de cubiertas e instalaciones asociadas

4. Trabajos de Rehabilitación y reparación de elementos estructurales

5. Rehabilitación energética de edificios","Evento:
Formación Profesional para el Empleo
Otros lugares:
Avenida Jacinto Benavente 15
Horario:
martes y viernes de 16 a 21 h y sábados de 9 a 14 h
Web:
https://imfe.malaga.eu/imfeinscripciones/inscripcion/13187
Precio:
Gratuito
Email:
imfeformacion@malaga.eu
Fecha Inscripción:

 
 Desde 
 
 26/2/2025
 
 Hasta 
 
 14/3/2025

Destinatarios:

 
 Adultos",https://www.malaga.eu/visorcontenido/AGDImageDisplayer1/48899/ImagenAgenda48899,,
/la-ciudad/agenda/detalle-actividad/index.html?id=138364,Foro Greencities,"['1/10/2025', '2/10/2025']","Greencities, Urban Intelligence and Smart Mobility. Greencities volverá a ser en 2025 punto de encuentro de las ciudades y las empresas y entidades que trabajan en el impulso a los territorios inteligentes y sostenibles.","Evento:
Foro Greencities
Horario:
Día 1: de 8:30 a 18:30h
Día 2: de 8:30 a 15:00h
Teléfono:
952045500
Email:
info@fycma.com
Fecha Inscripción:

 
 Desde 
 
 19/2/2025
 
 Hasta 
 
 2/10/2025

Destinatarios:

 
 Adultos",https://www.malaga.eu/visorcontenido/AGDImageDisplayer1/48637/ImagenAgenda48637,/la-ciudad/instalaciones-y-espacios/detalle-de-la-instalacion/?id=267,Palacio de Ferias y Congresos de Málaga
/la-ciudad/agenda/detalle-actividad/index.html?id=136125,Belleza furtiva. Alisa Sibirskaya,"['7/11/2024', '27/4/2025']","Entendiendo, con Baudrillard, el trompe-lil como un ejercicio más metafísico que pictórico, Alisa Sibirskaya (Krasnoyarsk, Siberia, 1989) compone a partir de la fotografía escenas y mundos que nos trasladan a diferentes períodos de la historia de la pintura para reflexionar sobre el presente desde los lenguajes formales y temáticos del pasado.
Concebida como una revisión de los credos pictóricos y morales del pasado, Belleza furtiva presenta un diálogo con la tradición que aspira a cuestionar, con el género de la vanitas como principal hilo conductor, la vacuidad de unos discursos que pretendían convencernos de la futilidad de los placeres mundanos ante la certeza de la muerte.
Si las vanitas mostraban naturalezas muertas con frutas, flores y animales en estados de descomposición para ilustrar el carácter efímero de los placeres terrenales, Sibirskaya actualiza este tema para hablar de la cultura material de nuestro presente, exacerbada por la ausencia generalizada de sentido respecto a nuestra trascendencia.
La muestra ha sido comisariada por Natàlia Chocarro, asesora de arte de presidencia de la Fundació Vila Casas, dentro del programa Puntos de fuga, una propuesta que parte de los artistas del fondo de la colección para crear nuevas propuestas expositivas proyectadas dentro y fuera del territorio.","Evento:
Colección del Museo Ruso San Petersburgo. Málaga
Horario:
De 9:30 a 20:00 h., incluyendo festivos. Cerrado: todos los lunes, 1 de enero y 25 de diciembre. 


Teléfono:
(+34) 951 926 150
Web:
https://www.cultura.malaga.eu
Destinatarios:

 
 Todas la edades",/export/shared/corporativas/default/agenda-l.png,/la-ciudad/instalaciones-y-espacios/detalle-de-la-instalacion/?id=8008,"Colección del Museo Ruso, San Petersburgo Málaga"
/la-ciudad/agenda/detalle-actividad/index.html?id=135824,TALLER DE ZUMBA,"['9/10/2024', '4/10/2025']",Taller enfocado al aprendizaje y el ejercicio de la zumba,"Evento:
ACTIVIDADES GARCÍA GRANA
Otros lugares:
Centro ciudadano Rafael Dávila
Horario:
Lunes y Miércoles de 18.00 a 19.00
Fecha Inscripción:

 
 Desde 
 
 9/10/2024
 
 Hasta 
 
 9/10/2025

Destinatarios:

 
 Todas la edades",/export/shared/corporativas/default/agenda-l.png,,
/la-ciudad/agenda/detalle-actividad/index.html?id=135717,APOYO ESCOLAR,"['7/10/2024', '7/10/2025']",Clases de apoyo escolar,"Evento:
ACTIVIDADES ACP
Otros lugares:
Centro ciudadano Rafael Dávila
Horario:
viernes de 16.00 a 21.00h
Fecha Inscripción:

 
 Desde 
 
 7/10/2024
 
 Hasta 
 
 7/10/2025

Destinatarios:

 
 Todas la edades",/export/shared/corporativas/default/agenda-l.png,,
/la-ciudad/agenda/detalle-actividad/index.html?id=135716,Banco del tiempo Cruz del Humilladero,"['7/10/2024', '7/10/2025']","Los vecinos aportan tiempo para realizar tareas, a modo de trueque, fortaleciendo la vida social de la zona.","Evento:
ACTIVIDADES ACP
Otros lugares:
Centro ciudadano Rafael Dávila
Fecha Inscripción:

 
 Desde 
 
 7/10/2024
 
 Hasta 
 
 7/10/2025

Destinatarios:

 
 Todas la edades",/export/shared/corporativas/default/agenda-l.png,,
/la-ciudad/agenda/detalle-actividad/index.html?id=135711,CAMPAÑA DE ARMARIO A ARMARIO,"['7/10/2024', '7/10/2025']","ENTREGA  E INTERCAMBIO DE ROPA, ZAPATOS, LIBROS. ACTIVIDAD DE ECONOMÍA SOCIAL Y CIRCULAR","Evento:
ACTIVIDADES ACP
Otros lugares:
Centro ciudadano Rafael Dávila
Fecha Inscripción:

 
 Desde 
 
 7/10/2024
 
 Hasta 
 
 7/10/2025

Destinatarios:

 
 Todas la edades",/export/shared/corporativas/default/agenda-l.png,,
/la-ciudad/agenda/detalle-actividad/index.html?id=135712,HUERTO URBANO,"['7/10/2024', '7/10/2025']",Actividades hortícolas,"Evento:
ACTIVIDADES ACP
Otros lugares:
Patio exterior Centro Ciudadano Rafael Dávila
Horario:
Lunes a viernes de 09.00 a 14.00h
Fecha Inscripción:

 
 Desde 
 
 7/10/2024
 
 Hasta 
 
 7/10/2025

Destinatarios:

 
 Todas la edades",/export/shared/corporativas/default/agenda-l.png,,
/la-ciudad/agenda/detalle-actividad/index.html?id=135708,PROYECTO PAMEX,"['7/10/2024', '7/10/2025']",Programa educativo para menores expulsados de los IES de Málaga,"Evento:
ACTIVIDADES ACP
Otros lugares:
Centro ciudadano Rafael Dávila
Horario:
Lunes a viernes de 09.00 a 14.00h
Fecha Inscripción:

 
 Desde 
 
 7/10/2024
 
 Hasta 
 
 7/10/2025

Destinatarios:

 
 Juvenil",https://www.malaga.eu/visorcontenido/AGDImageDisplayer1/47698/ImagenAgenda47698,,
/la-ciudad/agenda/detalle-actividad/index.html?id=135684,Fisioterapia en grupo,"['4/10/2024', '4/10/2025']",Sesión grupal de Fisioterapia orientada a la recuperación funcional y al bienestar personal.,"Evento:
ACTIVIDADES AMFAEM 2024-25
Otros lugares:
C/ Archidona 23
Horario:
Los jueves de 12.00 a 13.00h
Fecha Inscripción:

 
 Desde 
 
 4/10/2024
 
 Hasta 
 
 4/10/2025

Destinatarios:

 
 Todas la edades",/export/shared/corporativas/default/agenda-l.png,,
/la-ciudad/agenda/detalle-actividad/index.html?id=135687,Taller de Memoria,"['4/10/2024', '4/10/2025']",Taller destinado a realizar actividades y ejercicios para mejorar la memoria,"Evento:
ACTIVIDADES AMFAEM 2024-25
Otros lugares:
C/ Archidona 23
Horario:
Los viernes de 11.00 a 12.00h
Fecha Inscripción:

 
 Desde 
 
 4/10/2024
 
 Hasta 
 
 4/10/2025

Destinatarios:

 
 Todas la edades",/export/shared/corporativas/default/agenda-l.png,,
/la-ciudad/agenda/detalle-actividad/index.html?id=135685,Taller de manualidades,"['4/10/2024', '4/10/2025']",Taller de manualidades donde se practican y aprenden técnicas diferentes y se usan diversos materiales.,"Evento:
ACTIVIDADES AMFAEM 2024-25
Otros lugares:
C/ Archidona 23
Horario:
Los jueves de 17.00 a 19.00h
Fecha Inscripción:

 
 Desde 
 
 4/10/2024
 
 Hasta 
 
 4/10/2025

Destinatarios:

 
 Todas la edades",/export/shared/corporativas/default/agenda-l.png,,
/la-ciudad/agenda/detalle-actividad/index.html?id=135693,Terapia de grupo,"['4/10/2024', '4/10/2025']",Sesiones de Terapia de grupo en relación a aspectos relacionados con los afectados por esclerosis múltiple.,"Evento:
ACTIVIDADES AMFAEM 2024-25
Otros lugares:
C/ Archidona 23
Horario:
Los viernes de 12.15 a 14.00h
Fecha Inscripción:

 
 Desde 
 
 4/10/2024
 
 Hasta 
 
 4/10/2025

Destinatarios:

 
 Todas la edades",/export/shared/corporativas/default/agenda-l.png,,
/la-ciudad/agenda/detalle-actividad/index.html?id=138365,"Simed, Salón Inmobiliario del Mediterráneo","['13/11/2025', '15/11/2025']",El evento líder del sector residencial especializado en segunda residencia e inversión inmobiliaria. El encuentro ha consolidado una convocatoria profesional de máximo nivel que lo posiciona como una de las citas sectoriales más importantes a nivel nacional.,"Evento:
Simed ¿ Salón Inmobiliario del Mediterráneo
Teléfono:
952045500
Email:
info@fycma.com
Fecha Inscripción:

 
 Desde 
 
 19/2/2025
 
 Hasta 
 
 15/11/2025

Destinatarios:

 
 Todas la edades",https://www.malaga.eu/visorcontenido/AGDImageDisplayer1/48638/ImagenAgenda48638,/la-ciudad/instalaciones-y-espacios/detalle-de-la-instalacion/?id=267,Palacio de Ferias y Congresos de Málaga
/la-ciudad/agenda/detalle-actividad/index.html?id=132811,Picasso. Imágenes cerámicas,"['14/6/2024', '6/10/2025']","La cerámica de Picasso ha sido injustamente vista como un aspecto secundario de su obra, debido fundamentalmente a un alto grado de desconocimiento, a lo que ha contribuido la confusión reinante entre las cerámicas únicas y las editadas. Estas últimas, lejos de ser meras copias realizadas en gran número, son en realidad cuidadas ediciones de la obra del artista, que aún agrupadas todas bajo el marco de ediciones obedecen a principios diversos. 
-Réplicas auténticas: a partir de una pieza creada por el artista que se corresponden exactamente en materiales, tamaños, volúmenes, formas y colorido.
-Impresiones originales: estampadas a partir de moldes creados por Picasso.
Esta exposición se propone presentar al público algunas claves para comprender cómo se han realizado estas ediciones, sus tipos y sus procedimientos, siguiendo el hilo de la colección del Museo Casa Natal Picasso (y algunas obras invitadas), y contribuir así a un mejor conocimiento y valorización de esta parte de la obra picassiana.
La exposición tendrá, también, una segunda lectura, más científica, que intentará profundizar en el proceso creativo del artista a través de la obra cerámica y sus ediciones.>br>","Evento:
Museo Casa Natal Picasso
Horario:
De 9:30 a 20:00 todos los días, incluyendo festivos. 24 y 31 de diciembre: 9:30-15:00 h.
Cerrado: 1 de enero y 25 de diciembre. 
Web:
https://museocasanatalpicasso@malaga.eu 
Destinatarios:

 
 Todas la edades",/export/shared/corporativas/default/agenda-l.png,/la-ciudad/instalaciones-y-espacios/detalle-de-la-instalacion/?id=89,Museo Casa Natal Picasso
/la-ciudad/agenda/detalle-actividad/index.html?id=22604,Museo del Vidrio y Cristal de Málaga,"['15/7/2010', '15/7/2100']","Exposicion permanenete en el Museo del Vidrio y Cristal de Málaga. En un emplazamiento envidiable -la antigua posada de San Felipe Neri-, se podrán apreciar delicadas piezas como un oinochoe del Mediterráneo occidental o piezas de vidrio catalán que datan del siglo XVI. La colección de Fernandez-Prieto está compuesta por 3000 piezas y por ahora se muestra en el museo unas 700.","Evento:
Exposición de la colección de Gonzalo Fernández-Prieto
Otros lugares:
Plazuela Santisimo Cristo de la Sangre, 2 (antigua C/.Gaona, 20)
Horario:
De lunes a domingo, de 11.00 a 19,00 horas
Teléfono:
952221948
Precio:
3 ueros para adultos
2 euros para los grupos de mas de ocho personas
1,5 euros para niños y jubilados
Email:
museovidriomalaga@gmail.com
Destinatarios:

 
 Todas la edades",/export/shared/corporativas/default/agenda-l.png,,
